{"cameraMode":{"drawMode":0,"name":"Shaded","section":"Shading Mode"},"sceneLighting":false,"audioPlay":false,"sceneViewState":{"m_AlwaysRefresh":false,"showFog":true,"showSkybox":false,"showFlares":true,"showImageEffects":true,"showParticleSystems":true,"showVisualEffectGraphs":true,"m_FxEnabled":true},"in2DMode":false,"pivot":{"x":63.775474548339847,"y":49.83074188232422,"z":191.7863006591797},"rotation":{"x":-0.31593620777130129,"y":-0.13009324669837953,"z":0.043769221752882007,"w":-0.9388453960418701},"size":2.396453857421875,"orthographic":false}